{"Tile_Name": ["Amberese", "Australian Stone", "Azul Latino", "Beola Stone", "Campigiane Cotto", "Champer Cotto", "Glazed", "Ipanema", "Jura Stone", "Lahn", "Lapatto", "Mill Stone", "Minuit", "Natural Wood", "Ohio Collection", "Piadra Boma", "Piatra di Todi", "Polished", "Printed Polished", "Quartzo Grafite", "Rock", "Rustic", "Sand Stone", "Step Tile", "Stepz Tile", "Stone Collection", "Studded", "Terra Italiana", "Ushuaia", "Walle Tile", "Wild", "Zambeze"], "Tile_Color": ["Rose", "Red", "Brown", "Gray", "Piacentina Muschio Green", "Slate Brown Black", "Slate Yelow", "Slate Green", "Beige", "Green Beige", "Brown White", "Gray White", "Light Green", "Green", "Brownish Green", "Black", "Silver Gray", "Dark Gray", "Light Gray", "Solid Light Gray", "Speckled Black", "Almond", "Slate Gray Black", "Slate Yellow", "Slate Gray", "Suriyamara", "Burma Teak", "Pihimbia", "Mongoliya Gray", "Dark Brown", "Skyscrapper Red", "Skyscrapper Black", "Skyscrapper Gray", "Cement Beige", "Cement Brown", "Golden", "Cream", "Yellow", "Blue", "Gray Black", "White", "Solid White", "Solid Cream", "Solid Pink", "Speckled Cream", "Speckled Silver Gray", "Speckled Off White", "Solid Ivory", "Ivory", "Solid Off White", "Solid Yellow", "Solid Dark Blue", "Dark Blue", "Solid Blue", "Solid Rosy White", "Rosy White", "Solid Brown", "Olive Green", "Dark Black", "Charcoal Black", "Light Black", "Ash Black", "Harvest Beige", "Off White", "Dark Pink", "Light Pink", "Light Blue", "Pink", "Light Brown", "Cobolt Blue", "Speckled Beige", "Speckled Blue", "Speckled Light Blue", "Speckled Dark Gray", "Speckled Harvest Beige", "Speckled Light Pink", "Speckled Pink", "Speckled Light Brown", "Solid Dark Black", "Solid Black", "Speckled Brown", "Speckled White", "Speckled Gray", "Olive Green Blue", "Orange", "Dark Red", "Orange Stone Matt", "Yellow Rustic", "Red Rustic", "Sample White", "Brown Black", "Natural Gray", "Muschio Green", "Gray Green", "Augustus Classic yellow", "Qurbec Yellow", "Suriyamara Brown", "Kalumediriya Brown", "Pihimbiya Brown", "white", "Cement Gray", "Slate Brown", "Beige Beige", "Green White", "Pink White", "Kalumediriya", "Pihimbiya", "Yelow", "Brown Beige", "Gray Beige", "Solid white", "Speckled Red", "Solid Light Brown", "Solid Light Blue", "Solid Olive Green Blue", "Solid Charcoal Black", "SpeckledBlack", "Speckled Light Green", "Sold Dark Blue", "Sold Light Blue", "Sold Cobolt Blue", "Piacentina Almond", "Piacentina Natural Gray", "Techno Quartz White", "Augustus Classic", "Techno Quartz Brown", "Techno Quartz Green", "Techno Quartz Gray Green", "Techno Quartz Dark Brown", "Cement", "Slate White", "Techno White", "Speckled Dark Pink", "Speckled Dark Black", "Piacentina White"], "Tile_Size": ["200 x 200 mm", "300 x 300 mm", "400 x 400 mm", "500 x 500 mm", "550 x 300 mm", "600 x 300 mm"], "Room_Type": ["Bedroom", "Livingroom", "Diningroom", "Bathroom", "Kitchen"], "Room_Color": ["Almond", "Beige", "Black", "Blue", "Brown", "Classic", "Cream", "Golden", "Gray", "Green", "Ivory", "Light", "Muschio", "Orange", "Pink", "Red", "Rose", "Rustic", "Silver", "Stone", "White", "Yellow"], "Tile_type": ["Ceramic Tile", "Fully Vitrified Full Body Porcelain", "Glazed Ceramic Tile", "Glazed Vitrified Porcelain Tile", "Porcelain Tile"], "Finish_Type": ["Anti Slip", "Matt", "Matt Non-Rectified", "Satin Matt Rectified", "Semi Gloss Rectified"]}